ga:pageTitle,ga:pagePath,ga:visits,ga:pageviews
MOL - Money Online | Buy Game Credits with MOLPoints,/Account/Member,3187,3730
MOL - Money Online | Buy Game Credits with MOLPoints,/,910,1253
MOL - Money Online | Buy Game Credits with MOLPoints,/Account/Member?j=True,98,1207
MOL - Money Online | Buy Game Credits with MOLPoints,/Reload/ReloadResult/1?type=1,4,476
MOL - Money Online | Buy Game Credits with MOLPoints,/Reload/ReloadResult/7?type=1,11,464
MOL - Money Online | Buy Game Credits with MOLPoints,/Account/Login,255,427
Payment Channel Gateway,/paymentchannelgateway/ThanksYou.aspx,241,420
MOL - Money Online | Buy Game Credits with MOLPoints,/account/member/loginsuccess,0,402
MOL - Money Online | Buy Game Credits with MOLPoints,/Product/Receipt?t=1,32,372
MOL - Money Online | Buy Game Credits with MOLPoints,/Home/Index,126,271
MOL - Money Online | Buy Game Credits with MOLPoints,/Product/GamesHive,117,268
MOL - Money Online | Buy Game Credits with MOLPoints,/Reload/Coupon/1,23,171
MOL - Money Online | Buy Game Credits with MOLPoints,/Help/WhereToReload,84,169
Payment Channel Gateway,/PaymentChannelGateway/ThanksYou.aspx,71,166
MOL - Money Online | Buy Game Credits with MOLPoints,/Reload/ReloadResult/8?type=1,2,164
MOL - Money Online | Buy Game Credits with MOLPoints,/Reload/Coupon/7,36,152
MOL - Money Online | Buy Game Credits with MOLPoints,/Account/Register,99,139
MOL - Money Online | Buy Game Credits with MOLPoints,/Promo/Index?code=MolStore20140723,47,106
MOL - Money Online | Buy Game Credits with MOLPoints,/Product/GamehiveMicro/161,30,78
MOL - Money Online | Buy Game Credits with MOLPoints,/Help/HowItWorks,31,75
MOL - Money Online | Buy Game Credits with MOLPoints,/Product/FacebookGameCard,30,74
MOL - Money Online | Buy Game Credits with MOLPoints,/Home/Index?t=2,7,71
MOL - Money Online | Buy Game Credits with MOLPoints,/Account/ForgotPassword,30,69
MOL - Money Online | Buy Game Credits with MOLPoints,/Home/Index?t=3,7,69
MOL - Money Online | Buy Game Credits with MOLPoints,/Product/GamehiveMicro/1160,29,67
MOL - Money Online | Buy Game Credits with MOLPoints,/paymentchannel/faq/132,23,63
MOL - Money Online | Buy Game Credits with MOLPoints,/Reload/Coupon/8,9,62
MOL - Money Online | Buy Game Credits with MOLPoints,/Product/GamehiveMicro/1368,37,55
MOL - Money Online | Buy Game Credits with MOLPoints,/Reward/Index,13,49
MOL - Money Online | Buy Game Credits with MOLPoints,/Product/Receipt?t=7,4,44
MOL - Money Online | Buy Game Credits with MOLPoints,/Transaction?p=1,5,38
MOL - Money Online | Buy Game Credits with MOLPoints,/Product/GamehiveMicro/273,14,37
MOL - Money Online | Buy Game Credits with MOLPoints,/Help/CustomerCare,13,35
MOL - Money Online | Buy Game Credits with MOLPoints,/Home/Index?t=5,4,35
Payment Channel Gateway,/Paymentchannelgateway/ThanksYou.aspx,8,35
MOL - Money Online | Buy Game Credits with MOLPoints,/Product/GamesHive?t=1&k=.&p=1,9,34
MOL - Money Online | Buy Game Credits with MOLPoints,/Product/GamehiveMicro/231,16,33
MOL - Money Online | Buy Game Credits with MOLPoints,/Product/GamesHive?t=3,9,30
MOL - Money Online | Buy Game Credits with MOLPoints,/Product/GamehiveMicro/598,19,28
MOL - Money Online | Buy Game Credits with MOLPoints,/Account/AccountSettings,0,27
MOL - Money Online | Buy Game Credits with MOLPoints,/Account/LogIn,24,26
MOL - Money Online | Buy Game Credits with MOLPoints,/Product/GamehiveMicro/1397,12,26
MOL - Money Online | Buy Game Credits with MOLPoints,/paymentchannel/faq/1,13,26
MOL - Money Online | Buy Game Credits with MOLPoints,/Account/LogIn?ReturnUrl=/Account/Member,24,25
MOL - Money Online | Buy Game Credits with MOLPoints,/Product/GamesHive?t=0&k=G&p=1,7,25
MOL - Money Online | Buy Game Credits with MOLPoints,/Product/GamesHive?t=4&k=.&p=1,12,25
MOL - Money Online | Buy Game Credits with MOLPoints,/Product/GamesHive?t=1,4,24
MOL - Money Online | Buy Game Credits with MOLPoints,/Account/ChooseWallet,2,23
MOL - Money Online | Buy Game Credits with MOLPoints,/Product/GamehiveMicro/377,10,23
MOL - Money Online | Buy Game Credits with MOLPoints,/Product/GamehiveMicro/726,5,23
MOL - Money Online | Buy Game Credits with MOLPoints,/Product/gameshive?t=0&k=.&p=2,9,21
MOL - Money Online | Buy Game Credits with MOLPoints,/paymentchannel/faq/45,7,20
MOL - Money Online | Buy Game Credits with MOLPoints,/Product/GamehiveMicro/1289,6,19
MOL - Money Online | Buy Game Credits with MOLPoints,/Product/GamesHive?t=4,10,19
MOL - Money Online | Buy Game Credits with MOLPoints,/Product/Buy?pid=133&gameid=126,0,18
MOL - Money Online | Buy Game Credits with MOLPoints,/Product/GamehiveMicro/553,6,18
MOL - Money Online | Buy Game Credits with MOLPoints,/Product/GamesHive?t=0&k=M&p=1,3,18
MOL - Money Online | Buy Game Credits with MOLPoints,/Product/gameshive?t=0&k=B&p=2,3,18
MOL - Money Online | Buy Game Credits with MOLPoints,/Product/GroupShoppingItems/26,8,17
MOL - Money Online | Buy Game Credits with MOLPoints,/Product/gameshive?t=4&k=.&p=2,9,17
MOL - Money Online | Buy Game Credits with MOLPoints,/Shared/Message/1?e=mVqH6i3ArbwiVQ/NHRHZVtHsaQmYcPHAEKC038DWYiE=,1,17
MOL - Money Online | Buy Game Credits with MOLPoints,/paymentchannel/faq/60,5,17
MOL - Money Online | Buy Game Credits with MOLPoints,/Home/Index?t=4,4,16
MOL - Money Online | Buy Game Credits with MOLPoints,/Product/GamesHive?t=0&k=B&p=1,2,16
MOL - Money Online | Buy Game Credits with MOLPoints,/Product/Receipt?t=5,0,16
MOL - Money Online | Buy Game Credits with MOLPoints,/Reload/ReloadResult/107?type=1,1,16
MOL - Money Online | Buy Game Credits with MOLPoints,/Product/GamehiveMicro/126,6,15
MOL - Money Online | Buy Game Credits with MOLPoints,/Product/GamehiveMicro/143,7,15
MOL - Money Online | Buy Game Credits with MOLPoints,/Product/GamehiveMicro/574,4,15
MOL - Money Online | Buy Game Credits with MOLPoints,/Product/GamehiveMicro/662,5,15
MOL - Money Online | Buy Game Credits with MOLPoints,/Product/GamesHive?t=0&k=.&p=1,2,15
MOL - Money Online | Buy Game Credits with MOLPoints,/Product/GamesHive?t=0&k=L&p=1,2,15
MOL - Money Online | Buy Game Credits with MOLPoints,/Product/GamesHive?t=0&k=S&p=1,4,15
MOL - Money Online | Buy Game Credits with MOLPoints,/Product/GamesHive?t=2&k=.&p=1,3,15
MOL - Money Online | Buy Game Credits with MOLPoints,/Product/GamesHive?t=3&k=.&p=1,3,15
MOL - Money Online | Buy Game Credits with MOLPoints,/Error/Http404?aspxerrorpath=/v5/en/Gamehive_micro.aspx,12,14
MOL - Money Online | Buy Game Credits with MOLPoints,/Product/gameshive?t=0&k=S&p=3,3,14
MOL - Money Online | Buy Game Credits with MOLPoints,/Product/FacebookGameCardPurchase,0,13
MOL - Money Online | Buy Game Credits with MOLPoints,/Product/GamehiveMicro/156,3,13
MOL - Money Online | Buy Game Credits with MOLPoints,/Product/gameshive?t=1&k=.&p=2,6,13
MOL - Money Online | Buy Game Credits with MOLPoints,/Product/GamehiveMicro/1080,6,12
MOL - Money Online | Buy Game Credits with MOLPoints,/Product/GamehiveMicro/344,4,12
MOL - Money Online | Buy Game Credits with MOLPoints,/Product/GamesHive?t=0&k=A&p=1,0,12
MOL - Money Online | Buy Game Credits with MOLPoints,/Product/GamesHive?t=0&k=C&p=1,4,12
MOL - Money Online | Buy Game Credits with MOLPoints,/Product/gameshive?t=0&k=G&p=3,5,12
MOL - Money Online | Buy Game Credits with MOLPoints,/Reload/Coupon/107,2,12
MOL - Money Online | Buy Game Credits with MOLPoints,/Transaction?p=2,0,12
MOL - Money Online | Buy Game Credits with MOLPoints,/Help/FAQ,2,11
MOL - Money Online | Buy Game Credits with MOLPoints,/Product/GamehiveMicro/1422,4,11
MOL - Money Online | Buy Game Credits with MOLPoints,/Product/gameshive?t=0&k=.&p=4,6,11
MOL - Money Online | Buy Game Credits with MOLPoints,/Product/gameshive?t=3&k=.&p=2,1,11
MOL - Money Online | Buy Game Credits with MOLPoints,/paymentchannel/faq/264,2,11
MOL - Money Online | Buy Game Credits with MOLPoints,/Account/CreateWallet,3,10
MOL - Money Online | Buy Game Credits with MOLPoints,/Account/LogIn?ReturnUrl=/Account/Member?j=True&j=True,9,10
MOL - Money Online | Buy Game Credits with MOLPoints,/Error/Http404?aspxerrorpath=/global/molmember/acc/myPage.aspx,0,10
MOL - Money Online | Buy Game Credits with MOLPoints,/Error/Http404?aspxerrorpath=/sg/Gamehive_micro.aspx,8,10
MOL - Money Online | Buy Game Credits with MOLPoints,/Error/Http404?aspxerrorpath=/us/gameshive.aspx,10,10
MOL - Money Online | Buy Game Credits with MOLPoints,/Product/Buy?pid=634&gameid=381,1,10
MOL - Money Online | Buy Game Credits with MOLPoints,/Product/GamehiveMicro/1061,8,10
MOL - Money Online | Buy Game Credits with MOLPoints,/Product/GamesHive?t=1&k=J&p=1,0,10
MOL - Money Online | Buy Game Credits with MOLPoints,/Product/gameshive?t=0&k=.&p=3,5,10
MOL - Money Online | Buy Game Credits with MOLPoints,/paymentchannel/faq/8,6,10
MOL - Money Online | Buy Game Credits with MOLPoints,/Account/ChangePassword,0,9
MOL - Money Online | Buy Game Credits with MOLPoints,/Error/Http404?aspxerrorpath=/sg/promos/StackUp.aspx,3,9
MOL - Money Online | Buy Game Credits with MOLPoints,/Product/GamehiveMicro/1326,0,9
MOL - Money Online | Buy Game Credits with MOLPoints,/Product/GamehiveMicro/962,2,9
MOL - Money Online | Buy Game Credits with MOLPoints,/Product/GamesHive?t=0&k=D&p=1,6,9
MOL - Money Online | Buy Game Credits with MOLPoints,/Reload/Channels,9,9
MOL - Money Online | Buy Game Credits with MOLPoints,/Shared/Message/1?e=mSdQ5EgGNXyPAwj6lk/PskW2Ka67hxTl,9,9
MOL - Money Online | Buy Game Credits with MOLPoints,/Shared/Message/1?e=sF8b53NfElB/gFFiWT6nMM+5noG/n4lD,9,9
MOL - Money Online | Buy Game Credits with MOLPoints,/paymentchannel/faq/51,2,9
MOL - Money Online | Buy Game Credits with MOLPoints,/Account/LogIn?ReturnUrl=/Reload/Coupon/8,8,8
MOL - Money Online | Buy Game Credits with MOLPoints,/Product/Buy?pid=4012&gameid=1289,0,8
MOL - Money Online | Buy Game Credits with MOLPoints,/Product/GamesHive?t=2,1,8
MOL - Money Online | Buy Game Credits with MOLPoints,/Product/gameshive?t=0&k=.&p=5,6,8
MOL - Money Online | Buy Game Credits with MOLPoints,/Product/gameshive?t=0&k=G&p=2,4,8
MOL - Money Online | Buy Game Credits with MOLPoints,/Product/gameshive?t=0&k=S&p=2,1,8
MOL - Money Online | Buy Game Credits with MOLPoints,/Reload/ReloadResult/9?type=1,0,8
MOL - Money Online | Buy Game Credits with MOLPoints,/Product/Buy?pid=4224&gameid=1326,0,7
MOL - Money Online | Buy Game Credits with MOLPoints,/Product/GamehiveMicro/1176,5,7
MOL - Money Online | Buy Game Credits with MOLPoints,/Product/GamesHive?t=0&k=T&p=1,2,7
MOL - Money Online | Buy Game Credits with MOLPoints,/Product/GamesHive?t=0&k=W&p=1,4,7
MOL - Money Online | Buy Game Credits with MOLPoints,/Product/GamesHive?t=1&k=G&p=1,1,7
MOL - Money Online | Buy Game Credits with MOLPoints,/Product/gameshive?t=0&k=S&p=4,2,7
MOL - Money Online | Buy Game Credits with MOLPoints,/Product/gameshive?t=2&k=.&p=2,2,7
MOL - Money Online | Buy Game Credits with MOLPoints,/Product/gameshive?t=3&k=.&p=3,1,7
MOL.com | MOLPoints Singapore,/sg/Default.aspx,7,7
MOL - Money Online | Buy Game Credits with MOLPoints,/Error/Http404?aspxerrorpath=/sg/,5,6
MOL - Money Online | Buy Game Credits with MOLPoints,/Home/Privacy,0,6
MOL - Money Online | Buy Game Credits with MOLPoints,/Product/GamehiveMicro/119,3,6
MOL - Money Online | Buy Game Credits with MOLPoints,/Product/GamehiveMicro/1277,5,6
MOL - Money Online | Buy Game Credits with MOLPoints,/Product/GamehiveMicro/641,1,6
MOL - Money Online | Buy Game Credits with MOLPoints,/Product/GamesHive?t=0&k=V&p=1,0,6
MOL - Money Online | Buy Game Credits with MOLPoints,/Product/GamesHive?t=3&k=M&p=1,1,6
MOL - Money Online | Buy Game Credits with MOLPoints,/Product/Gameshive,1,6
MOL - Money Online | Buy Game Credits with MOLPoints,/Product/gameshive?t=0&k=M&p=2,1,6
MOL - Money Online | Buy Game Credits with MOLPoints,/Product/gameshive?t=3&k=.&p=5,0,6
MOL - Money Online | Buy Game Credits with MOLPoints,/Product/gameshive?t=3&k=S&p=2,0,6
MOL - Money Online | Buy Game Credits with MOLPoints,/Shared/Message/3?e=sF8b53NfElB/gFFiWT6nMM+5noG/n4lD,6,6
MOL - Money Online | Buy Game Credits with MOLPoints,/paymentchannel/faq/107,3,6
MOL - Money Online | Buy Game Credits with MOLPoints,/paymentchannel/faq/54,1,6
MOL - Money Online | Buy Game Credits with MOLPoints,/Account/Newsletter,0,5
MOL - Money Online | Buy Game Credits with MOLPoints,/Error/Http404?aspxerrorpath=/sg/wtg_starhub.aspx,2,5
MOL - Money Online | Buy Game Credits with MOLPoints,/Error/Http404?aspxerrorpath=/v5/en/RewardsProgramme.aspx,5,5
MOL - Money Online | Buy Game Credits with MOLPoints,/Home/Legal,3,5
MOL - Money Online | Buy Game Credits with MOLPoints,/PaymentChannel/Faq/107,1,5
MOL - Money Online | Buy Game Credits with MOLPoints,/Product/Buy?pid=634&gameid=383,0,5
MOL - Money Online | Buy Game Credits with MOLPoints,/Product/GamehiveMicro/1143,2,5
MOL - Money Online | Buy Game Credits with MOLPoints,/Product/GamehiveMicro/1407,4,5
MOL - Money Online | Buy Game Credits with MOLPoints,/Product/GamehiveMicro/224,0,5
MOL - Money Online | Buy Game Credits with MOLPoints,/Product/GamehiveMicro/383,1,5
MOL - Money Online | Buy Game Credits with MOLPoints,/Product/GamehiveMicro/526,4,5
MOL - Money Online | Buy Game Credits with MOLPoints,/Product/GamesHive?t=0&k=J&p=1,1,5
MOL - Money Online | Buy Game Credits with MOLPoints,/Product/GamesHive?t=1&k=S&p=1,1,5
MOL - Money Online | Buy Game Credits with MOLPoints,/Product/GamesHive?t=3&k=&p=6,5,5
MOL - Money Online | Buy Game Credits with MOLPoints,/Product/GamesHive?t=3&k=A&p=1,0,5
MOL - Money Online | Buy Game Credits with MOLPoints,/Product/GamesHive?t=3&k=S&p=1,0,5
MOL - Money Online | Buy Game Credits with MOLPoints,/Product/gameshive?t=0&k=D&p=2,2,5
MOL - Money Online | Buy Game Credits with MOLPoints,/Product/gameshive?t=0&k=M&p=3,1,5
MOL - Money Online | Buy Game Credits with MOLPoints,/Product/gameshive?t=1&k=.&p=5,2,5
MOL - Money Online | Buy Game Credits with MOLPoints,/Product/gameshive?t=3&k=M&p=2,1,5
MOL - Money Online | Buy Game Credits with MOLPoints,/Shared/Message/1?e=3tAkJqH+pxwSImF9ATqmr2N4BZ9085CO,0,5
MOL - Money Online | Buy Game Credits with MOLPoints,/Transaction?p=3,0,5
MOL - Money Online | Buy Game Credits with MOLPoints,/paymentchannel/faq/140,1,5
MOL - Money Online | Buy Game Credits with MOLPoints,/sg/login.aspx?from=4lG9m10CPGYku9/6MWINdw==,5,5
MOL - Money Online | Buy Game Credits with MOLPoints,/Account/LogIn?ReturnUrl=/Reload/Coupon/7,4,4
MOL - Money Online | Buy Game Credits with MOLPoints,/Error/Http404?aspxerrorpath=/sg/MOLglobal-FAQ.aspx,2,4
MOL - Money Online | Buy Game Credits with MOLPoints,/PaymentChannel/Faq/7,2,4
MOL - Money Online | Buy Game Credits with MOLPoints,/PaymentChannel/Faq/8,1,4
MOL - Money Online | Buy Game Credits with MOLPoints,/Product/Buy?pid=108&gameid=231,1,4
MOL - Money Online | Buy Game Credits with MOLPoints,/Product/Buy?pid=1924&gameid=1397,0,4
MOL - Money Online | Buy Game Credits with MOLPoints,/Product/Buy?pid=1924&gameid=662,0,4
MOL - Money Online | Buy Game Credits with MOLPoints,/Product/Buy?pid=437&gameid=574,0,4
MOL - Money Online | Buy Game Credits with MOLPoints,/Product/Buy?pid=439&gameid=574,0,4
MOL - Money Online | Buy Game Credits with MOLPoints,/Product/GamehiveMicro/1250,0,4
MOL - Money Online | Buy Game Credits with MOLPoints,/Product/GamehiveMicro/158,0,4
MOL - Money Online | Buy Game Credits with MOLPoints,/Product/GamehiveMicro/262,0,4
MOL - Money Online | Buy Game Credits with MOLPoints,/Product/GamehiveMicro/504,0,4
MOL - Money Online | Buy Game Credits with MOLPoints,/Product/GamehiveMicro/771,2,4
MOL - Money Online | Buy Game Credits with MOLPoints,/Product/GamehiveMicro/868,4,4
MOL - Money Online | Buy Game Credits with MOLPoints,/Product/GamesHive?t=0&k=R&p=1,2,4
MOL - Money Online | Buy Game Credits with MOLPoints,/Product/GamesHive?t=1&k=A&p=1,0,4
MOL - Money Online | Buy Game Credits with MOLPoints,/Product/gameshive?t=1&k=.&p=3,1,4
MOL - Money Online | Buy Game Credits with MOLPoints,/Product/gameshive?t=1&k=.&p=4,1,4
MOL - Money Online | Buy Game Credits with MOLPoints,/Product/gameshive?t=1&k=.&p=7,1,4
MOL - Money Online | Buy Game Credits with MOLPoints,/Product/gameshive?t=2&k=.&p=3,1,4
MOL - Money Online | Buy Game Credits with MOLPoints,/Product/gameshive?t=3&k=.&p=4,0,4
MOL - Money Online | Buy Game Credits with MOLPoints,/Product/gameshive?t=3&k=S&p=3,0,4
MOL - Money Online | Buy Game Credits with MOLPoints,/Product/gameshive?t=4&k=.&p=1,2,4
MOL - Money Online | Buy Game Credits with MOLPoints,/Reload/Coupon/9,2,4
MOL - Money Online | Buy Game Credits with MOLPoints,/Reward/RedeemVirtual,0,4
MOL - Money Online | Buy Game Credits with MOLPoints,/Shared/Message/1?e=sLQGc9vFH17BiuL9j586IQDQRtS6jzKK,0,4
MOL - Money Online | Buy Game Credits with MOLPoints,/Shared/Message/3?e=3tAkJqH+pxwSImF9ATqmr2N4BZ9085CO,0,4
MOL - Money Online | Buy Game Credits with MOLPoints,/Shared/Message/3?e=mSdQ5EgGNXyPAwj6lk/PskW2Ka67hxTl,4,4
MOL - Money Online | Buy Game Credits with MOLPoints,/paymentchannel/faq/18,3,4
MOL - Money Online | Buy Game Credits with MOLPoints,/paymentchannel/faq/20,1,4
MOL - Money Online | Buy Game Credits with MOLPoints,/paymentchannel/faq/50,1,4
MOL - Money Online | Buy Game Credits with MOLPoints,/paymentchannel/faq/9,2,4
MOL - Money Online | Buy Game Credits with MOLPoints,/Account/Activation?l=F7zrhci+Hna2jbIWwH5U0heBwdQzaxh2&h=adX1VbWmXqm08Y1Jvy7AMw2941w8u1t8+GsUsEqrLmKavPzfsa41Cw==,2,3
MOL - Money Online | Buy Game Credits with MOLPoints,/Account/LogIn?ReturnUrl=/Product/Receipt?t=1&t=1,3,3
MOL - Money Online | Buy Game Credits with MOLPoints,/Account/LogIn?ReturnUrl=/Reload/Coupon/1,2,3
MOL - Money Online | Buy Game Credits with MOLPoints,/Error/Http404?aspxerrorpath=/sg/Default.aspx,3,3
MOL - Money Online | Buy Game Credits with MOLPoints,/Help/Feedback,0,3
MOL - Money Online | Buy Game Credits with MOLPoints,/PaymentChannel/Faq/140,1,3
MOL - Money Online | Buy Game Credits with MOLPoints,/Product/Buy?pid=2153&gameid=726,0,3
MOL - Money Online | Buy Game Credits with MOLPoints,/Product/Buy?pid=2462&gameid=143,0,3
MOL - Money Online | Buy Game Credits with MOLPoints,/Product/Buy?pid=264&gameid=161,0,3
MOL - Money Online | Buy Game Credits with MOLPoints,/Product/Buy?pid=4012&gameid=1289&t=5,0,3
MOL - Money Online | Buy Game Credits with MOLPoints,/Product/Buy?pid=437&gameid=273,2,3
MOL - Money Online | Buy Game Credits with MOLPoints,/Product/Buy?pid=437&gameid=553,0,3
MOL - Money Online | Buy Game Credits with MOLPoints,/Product/Buy?pid=894&gameid=231,0,3
MOL - Money Online | Buy Game Credits with MOLPoints,/Product/Faq/598,2,3
MOL - Money Online | Buy Game Credits with MOLPoints,/Product/GamehiveMicro/1062,2,3
MOL - Money Online | Buy Game Credits with MOLPoints,/Product/GamehiveMicro/1064,1,3
MOL - Money Online | Buy Game Credits with MOLPoints,/Product/GamehiveMicro/1074,2,3
MOL - Money Online | Buy Game Credits with MOLPoints,/Product/GamehiveMicro/1270,2,3
MOL - Money Online | Buy Game Credits with MOLPoints,/Product/GamehiveMicro/1312,1,3
MOL - Money Online | Buy Game Credits with MOLPoints,/Product/GamehiveMicro/1359,0,3
MOL - Money Online | Buy Game Credits with MOLPoints,/Product/GamehiveMicro/1425,1,3
MOL - Money Online | Buy Game Credits with MOLPoints,/Product/GamehiveMicro/221,1,3
MOL - Money Online | Buy Game Credits with MOLPoints,/Product/GamehiveMicro/286,0,3
MOL - Money Online | Buy Game Credits with MOLPoints,/Product/GamehiveMicro/287,0,3
MOL - Money Online | Buy Game Credits with MOLPoints,/Product/GamehiveMicro/311,0,3
MOL - Money Online | Buy Game Credits with MOLPoints,/Product/GamehiveMicro/323,2,3
MOL - Money Online | Buy Game Credits with MOLPoints,/Product/GamehiveMicro/346,1,3
MOL - Money Online | Buy Game Credits with MOLPoints,/Product/GamehiveMicro/381,0,3
MOL - Money Online | Buy Game Credits with MOLPoints,/Product/GamehiveMicro/551,0,3
MOL - Money Online | Buy Game Credits with MOLPoints,/Product/GamehiveMicro/809,1,3
MOL - Money Online | Buy Game Credits with MOLPoints,/Product/GamehiveMicro/888,3,3
MOL - Money Online | Buy Game Credits with MOLPoints,/Product/GamesHive?t=0&k=K&p=1,2,3
MOL - Money Online | Buy Game Credits with MOLPoints,/Product/GamesHive?t=0&k=P&p=1,0,3
MOL - Money Online | Buy Game Credits with MOLPoints,/Product/GamesHive?t=0&k=Y&p=1,0,3
MOL - Money Online | Buy Game Credits with MOLPoints,/Product/GamesHive?t=1&k=D&p=1,1,3
MOL - Money Online | Buy Game Credits with MOLPoints,/Product/GamesHive?t=1&k=I&p=1,0,3
MOL - Money Online | Buy Game Credits with MOLPoints,/Product/GamesHive?t=2&k=X&p=1,0,3
MOL - Money Online | Buy Game Credits with MOLPoints,/Product/GamesHive?t=3&k=D&p=1,1,3
MOL - Money Online | Buy Game Credits with MOLPoints,/Product/GamesHive?t=3&k=G&p=1,1,3
MOL - Money Online | Buy Game Credits with MOLPoints,/Product/GamesHive?t=3&k=W&p=1,2,3
MOL - Money Online | Buy Game Credits with MOLPoints,/Product/GamesHive?t=4&k=C&p=1,0,3
MOL - Money Online | Buy Game Credits with MOLPoints,/Product/GamesHive?t=4&k=Y&p=1,2,3
MOL - Money Online | Buy Game Credits with MOLPoints,/Product/ShoppingItems/25,3,3
MOL - Money Online | Buy Game Credits with MOLPoints,/Product/gameshive?t=0&k=.&p=9,1,3
MOL - Money Online | Buy Game Credits with MOLPoints,/Product/gameshive?t=0&k=C&p=2,1,3
MOL - Money Online | Buy Game Credits with MOLPoints,/Product/gameshive?t=0&k=C&p=3,1,3
MOL - Money Online | Buy Game Credits with MOLPoints,/Product/gameshive?t=0&k=W&p=2,2,3
MOL - Money Online | Buy Game Credits with MOLPoints,/Product/gameshive?t=1&k=.&p=6,0,3
MOL - Money Online | Buy Game Credits with MOLPoints,/Product/gameshive?t=3&k=&p=4,2,3
MOL - Money Online | Buy Game Credits with MOLPoints,/Product/gameshive?t=3&k=&p=7,2,3
MOL - Money Online | Buy Game Credits with MOLPoints,/Product/gameshive?t=3&k=.&p=10,0,3
MOL - Money Online | Buy Game Credits with MOLPoints,/Product/gameshive?t=3&k=.&p=26,0,3
MOL - Money Online | Buy Game Credits with MOLPoints,/Product/gameshive?t=3&k=.&p=9,0,3
MOL - Money Online | Buy Game Credits with MOLPoints,/Product/gameshive?t=3&k=D&p=2,0,3
MOL - Money Online | Buy Game Credits with MOLPoints,/Product/gameshive?t=3&k=D&p=3,0,3
MOL - Money Online | Buy Game Credits with MOLPoints,/Reward,0,3
MOL - Money Online | Buy Game Credits with MOLPoints,/Shared/Message/3?e=mVqH6i3ArbwiVQ/NHRHZVtHsaQmYcPHAEKC038DWYiE=,0,3
MOL - Money Online | Buy Game Credits with MOLPoints,/Shared/Message/5?e=6m9YlYhyzv1mZX3/UzWFhkjuwsWrCgFWaHBEUjDPkWc=,3,3
MOL - Money Online | Buy Game Credits with MOLPoints,/Shared/Message/5?e=9TaUSRSFch7ycTI5afyObPpSPvLYyNyKGMVbBtHFhac=,3,3
MOL - Money Online | Buy Game Credits with MOLPoints,/Transaction?p=4,0,3
MOL - Money Online | Buy Game Credits with MOLPoints,/paymentchannel/faq/19,0,3
MOL - Money Online | Buy Game Credits with MOLPoints,/paymentchannel/faq/2,1,3
MOL - Money Online | Buy Game Credits with MOLPoints,/Account/LogIn?ReturnUrl=/Product/Purchase?gameid=231&pid=108&gameid=231&pid=108,2,2
MOL - Money Online | Buy Game Credits with MOLPoints,/Account/ResetPassword?e=rX0M7l5dueL2eMH6PUiUcVYdVd2EEJS9&t=RJeBbNeLWvdWnHz6kfWi3GqZDVaz+pWk+FAuu4tgX/jisrizpuTWHA==,2,2
MOL - Money Online | Buy Game Credits with MOLPoints,/Error/Http404?aspxerrorpath=/global/,1,2
MOL - Money Online | Buy Game Credits with MOLPoints,/Error/Http404?aspxerrorpath=/sg,2,2
MOL - Money Online | Buy Game Credits with MOLPoints,/Error/Http404?aspxerrorpath=/sg/default.aspx,2,2
MOL - Money Online | Buy Game Credits with MOLPoints,/Error/Http404?aspxerrorpath=/sg/howto_Steam.aspx,2,2
MOL - Money Online | Buy Game Credits with MOLPoints,/Error/Http404?aspxerrorpath=/sg/molmember/acc/TransactionHistory.aspx,2,2
MOL - Money Online | Buy Game Credits with MOLPoints,/Help/FeedbackDetails?p=201411010013,0,2
MOL - Money Online | Buy Game Credits with MOLPoints,/PaymentChannel/Faq/1,0,2
MOL - Money Online | Buy Game Credits with MOLPoints,/PaymentChannel/Faq/45,0,2
MOL - Money Online | Buy Game Credits with MOLPoints,/Product/Buy?pid=132&gameid=126,0,2
MOL - Money Online | Buy Game Credits with MOLPoints,/Product/Buy?pid=1846&gameid=1397,0,2
MOL - Money Online | Buy Game Credits with MOLPoints,/Product/Buy?pid=1847&gameid=1397,0,2
MOL - Money Online | Buy Game Credits with MOLPoints,/Product/Buy?pid=1847&gameid=662,0,2
MOL - Money Online | Buy Game Credits with MOLPoints,/Product/Buy?pid=273&gameid=224,1,2
MOL - Money Online | Buy Game Credits with MOLPoints,/Product/Buy?pid=3064&gameid=273,0,2
MOL - Money Online | Buy Game Credits with MOLPoints,/Product/Buy?pid=439&gameid=273,0,2
MOL - Money Online | Buy Game Credits with MOLPoints,/Product/Buy?pid=448&gameid=286,0,2
MOL - Money Online | Buy Game Credits with MOLPoints,/Product/Buy?pid=449&gameid=286,0,2
MOL - Money Online | Buy Game Credits with MOLPoints,/Product/Buy?pid=51&gameid=143,0,2
MOL - Money Online | Buy Game Credits with MOLPoints,/Product/Buy?pid=610&gameid=344,0,2
MOL - Money Online | Buy Game Credits with MOLPoints,/Product/Buy?pid=633&gameid=381,0,2
MOL - Money Online | Buy Game Credits with MOLPoints,/Product/Faq/1143,1,2
MOL - Money Online | Buy Game Credits with MOLPoints,/Product/Faq/1359,0,2
MOL - Money Online | Buy Game Credits with MOLPoints,/Product/Faq/140,1,2
MOL - Money Online | Buy Game Credits with MOLPoints,/Product/Featured,2,2
MOL - Money Online | Buy Game Credits with MOLPoints,/Product/GamehiveMicro/1063,2,2
MOL - Money Online | Buy Game Credits with MOLPoints,/Product/GamehiveMicro/1180,0,2
MOL - Money Online | Buy Game Credits with MOLPoints,/Product/GamehiveMicro/1205,1,2
MOL - Money Online | Buy Game Credits with MOLPoints,/Product/GamehiveMicro/1217,0,2
MOL - Money Online | Buy Game Credits with MOLPoints,/Product/GamehiveMicro/1248,0,2
MOL - Money Online | Buy Game Credits with MOLPoints,/Product/GamehiveMicro/1300,1,2
MOL - Money Online | Buy Game Credits with MOLPoints,/Product/GamehiveMicro/1327,1,2
MOL - Money Online | Buy Game Credits with MOLPoints,/Product/GamehiveMicro/1329,1,2
MOL - Money Online | Buy Game Credits with MOLPoints,/Product/GamehiveMicro/1389,1,2
MOL - Money Online | Buy Game Credits with MOLPoints,/Product/GamehiveMicro/1405,0,2
MOL - Money Online | Buy Game Credits with MOLPoints,/Product/GamehiveMicro/1417,0,2
MOL - Money Online | Buy Game Credits with MOLPoints,/Product/GamehiveMicro/187,0,2
MOL - Money Online | Buy Game Credits with MOLPoints,/Product/GamehiveMicro/228,1,2
MOL - Money Online | Buy Game Credits with MOLPoints,/Product/GamehiveMicro/288,1,2
MOL - Money Online | Buy Game Credits with MOLPoints,/Product/GamehiveMicro/319,1,2
MOL - Money Online | Buy Game Credits with MOLPoints,/Product/GamehiveMicro/327,1,2
MOL - Money Online | Buy Game Credits with MOLPoints,/Product/GamehiveMicro/517,0,2
MOL - Money Online | Buy Game Credits with MOLPoints,/Product/GamehiveMicro/761,0,2
MOL - Money Online | Buy Game Credits with MOLPoints,/Product/GamehiveMicro/789,1,2
MOL - Money Online | Buy Game Credits with MOLPoints,/Product/GamehiveMicro/807,2,2
MOL - Money Online | Buy Game Credits with MOLPoints,/Product/GamehiveMicro/887,1,2
MOL - Money Online | Buy Game Credits with MOLPoints,/Product/GamehiveMicro/998,1,2
MOL - Money Online | Buy Game Credits with MOLPoints,/Product/GamesHive?t=0&k=H&p=1,0,2
MOL - Money Online | Buy Game Credits with MOLPoints,/Product/GamesHive?t=0&k=I&p=1,1,2
MOL - Money Online | Buy Game Credits with MOLPoints,/Product/GamesHive?t=0&k=X&p=1,0,2
MOL - Money Online | Buy Game Credits with MOLPoints,/Product/GamesHive?t=1&k=B&p=1,0,2
MOL - Money Online | Buy Game Credits with MOLPoints,/Product/GamesHive?t=1&k=E&p=1,0,2
MOL - Money Online | Buy Game Credits with MOLPoints,/Product/GamesHive?t=1&k=F&p=1,0,2
MOL - Money Online | Buy Game Credits with MOLPoints,/Product/GamesHive?t=1&k=P&p=1,1,2
MOL - Money Online | Buy Game Credits with MOLPoints,/Product/GamesHive?t=1&k=T&p=1,1,2
MOL - Money Online | Buy Game Credits with MOLPoints,/Product/GamesHive?t=2&k=C&p=1,0,2
MOL - Money Online | Buy Game Credits with MOLPoints,/Product/GamesHive?t=3&k=E&p=1,0,2
MOL - Money Online | Buy Game Credits with MOLPoints,/Product/GamesHive?t=3&k=H&p=1,0,2
MOL - Money Online | Buy Game Credits with MOLPoints,/Product/GamesHive?t=3&k=T&p=1,0,2
MOL - Money Online | Buy Game Credits with MOLPoints,/Product/GamesHive?t=4&k=A&p=1,1,2
MOL - Money Online | Buy Game Credits with MOLPoints,/Product/GamesHive?t=4&k=D&p=1,1,2
MOL - Money Online | Buy Game Credits with MOLPoints,/Product/GamesHive?t=4&k=S&p=1,0,2
MOL - Money Online | Buy Game Credits with MOLPoints,/Product/ShoppingItems/16,1,2
MOL - Money Online | Buy Game Credits with MOLPoints,/Product/gameshive?t=0&k=.&p=10,1,2
MOL - Money Online | Buy Game Credits with MOLPoints,/Product/gameshive?t=0&k=.&p=11,1,2
MOL - Money Online | Buy Game Credits with MOLPoints,/Product/gameshive?t=0&k=.&p=20,2,2
MOL - Money Online | Buy Game Credits with MOLPoints,/Product/gameshive?t=0&k=.&p=6,1,2
MOL - Money Online | Buy Game Credits with MOLPoints,/Product/gameshive?t=0&k=.&p=7,1,2
MOL - Money Online | Buy Game Credits with MOLPoints,/Product/gameshive?t=0&k=.&p=8,1,2
MOL - Money Online | Buy Game Credits with MOLPoints,/Product/gameshive?t=0&k=A&p=2,0,2
MOL - Money Online | Buy Game Credits with MOLPoints,/Product/gameshive?t=0&k=D&p=3,2,2
MOL - Money Online | Buy Game Credits with MOLPoints,/Product/gameshive?t=0&k=L&p=2,1,2
MOL - Money Online | Buy Game Credits with MOLPoints,/Product/gameshive?t=0&k=M&p=4,1,2
MOL - Money Online | Buy Game Credits with MOLPoints,/Product/gameshive?t=0&k=R&p=2,2,2
MOL - Money Online | Buy Game Credits with MOLPoints,/Product/gameshive?t=0&k=T&p=2,1,2
MOL - Money Online | Buy Game Credits with MOLPoints,/Product/gameshive?t=1&k=.&p=8,0,2
MOL - Money Online | Buy Game Credits with MOLPoints,/Product/gameshive?t=1&k=G&p=2,0,2
MOL - Money Online | Buy Game Credits with MOLPoints,/Product/gameshive?t=3&k=&p=2,1,2
MOL - Money Online | Buy Game Credits with MOLPoints,/Product/gameshive?t=3&k=.&p=15,0,2
MOL - Money Online | Buy Game Credits with MOLPoints,/Product/gameshive?t=3&k=.&p=18,0,2
MOL - Money Online | Buy Game Credits with MOLPoints,/Product/gameshive?t=3&k=.&p=23,0,2
MOL - Money Online | Buy Game Credits with MOLPoints,/Product/gameshive?t=3&k=.&p=24,0,2
MOL - Money Online | Buy Game Credits with MOLPoints,/Product/gameshive?t=3&k=.&p=25,0,2
MOL - Money Online | Buy Game Credits with MOLPoints,/Product/gameshive?t=3&k=.&p=6,0,2
MOL - Money Online | Buy Game Credits with MOLPoints,/Product/gameshive?t=3&k=.&p=7,0,2
MOL - Money Online | Buy Game Credits with MOLPoints,/Product/gameshive?t=3&k=.&p=8,0,2
MOL - Money Online | Buy Game Credits with MOLPoints,/Product/gameshive?t=3&k=A&p=2,0,2
MOL - Money Online | Buy Game Credits with MOLPoints,/Product/gameshive?t=3&k=M&p=3,0,2
MOL - Money Online | Buy Game Credits with MOLPoints,/Product/gameshive?t=3&k=T&p=2,0,2
MOL - Money Online | Buy Game Credits with MOLPoints,/Product/gameshive?t=3&k=T&p=3,0,2
MOL - Money Online | Buy Game Credits with MOLPoints,/Reward/RedeemVirtual?itemCode=VI002,0,2
MOL - Money Online | Buy Game Credits with MOLPoints,/Shared/Message,2,2
MOL - Money Online | Buy Game Credits with MOLPoints,/Shared/Message/1?e=6m9YlYhyzv1mZX3/UzWFhkjuwsWrCgFWaHBEUjDPkWc=,2,2
MOL - Money Online | Buy Game Credits with MOLPoints,/Shared/Message/1?e=ASEBUJhK9KhiN8R28CtTjRXkaqyPEbZ7,2,2
MOL - Money Online | Buy Game Credits with MOLPoints,/Shared/Message/1?e=F2fmefg1I5TSursUmKm/wPhkzllnsRyI,0,2
MOL - Money Online | Buy Game Credits with MOLPoints,/Shared/Message/1?e=LNIh78pViQT8ozHcYGMLF4J8zUvYLBuW8vRZ1WT9574=,0,2
MOL - Money Online | Buy Game Credits with MOLPoints,/Shared/Message/1?e=Ty/EKNrL3iCp6jErN4WQ+9/B2AC0LgJ5ovRiu/SzEGs=,1,2
MOL - Money Online | Buy Game Credits with MOLPoints,/Shared/Message/1?e=ZtaZ4i0wf8n0GvFBY+fxAzRF+e+gwGgXyY0Ih0STJDM=,0,2
MOL - Money Online | Buy Game Credits with MOLPoints,/Shared/Message/1?e=mot4x9BsqPR2fPSdb/eXORkOM4pXJuHX,2,2
MOL - Money Online | Buy Game Credits with MOLPoints,/Shared/Message/1?e=slVPk2ZO2mNrxqWMvtysZDuF6cw2DJqiMu1P/6idG68=,2,2
MOL - Money Online | Buy Game Credits with MOLPoints,/Shared/Message/1?e=zwQIyshuKdN+WFtgCE4dytxb3F1fxUYH,1,2
MOL - Money Online | Buy Game Credits with MOLPoints,/Shared/Message/3?e=F2fmefg1I5TSursUmKm/wPhkzllnsRyI,0,2
MOL - Money Online | Buy Game Credits with MOLPoints,/Shared/Message/3?e=LNIh78pViQT8ozHcYGMLF4J8zUvYLBuW8vRZ1WT9574=,0,2
MOL - Money Online | Buy Game Credits with MOLPoints,/Shared/Message/3?e=sLQGc9vFH17BiuL9j586IQDQRtS6jzKK,0,2
MOL - Money Online | Buy Game Credits with MOLPoints,/Transaction?p=5,0,2
MOL - Money Online | Buy Game Credits with MOLPoints,/paymentchannel/faq/49,0,2
Register for a MOL Singapore account,/sg/Registration.aspx,2,2
MOL - Money Online | Buy Game Credits with MOLPoints,/?tn=99075702_hao_pg,1,1
MOL - Money Online | Buy Game Credits with MOLPoints,/Account/Activation?l=18fF4+c2Wbvy6JcuuNVjuJxw5HejtFjA&h=ttwTDM8DQRjcsCP4PQhUeuEfLarf7Dafq1eC/CGNhiq1NW3t0kvPYQ==,0,1
MOL - Money Online | Buy Game Credits with MOLPoints,/Account/Activation?l=2/8c2I1qynCz33v6s5TW2Ah2PQR4ZHFu&h=PC6+fCoEIuSSq1BuEfzvQPZ4wKsTGhurbkZUT7Ka9wSyxYd2DHTOyw==,0,1
MOL - Money Online | Buy Game Credits with MOLPoints,/Account/Activation?l=3VPFxvYgRQzq4YLNCOzMoDPLnImDXN2a&h=vvOOWoRpCbQob1aJGQb2eQGJK8KcmqXbpHnNb4VzAHvAMfMftbk2sg==,0,1
MOL - Money Online | Buy Game Credits with MOLPoints,/Account/Activation?l=3cFXLFxYS1lS5krsJ0AC07I+wtYFurz4&h=hjTEBVG6DoCBahvymb+T34nk8yCxW08VqzFpCWD1+xGMLpPZkFIahA==,0,1
MOL - Money Online | Buy Game Credits with MOLPoints,/Account/Activation?l=8MRyt4zU1xkpZZxRoMI193ya6nLlWVP7Tnw+dnQLU6Q=&h=SIHLYH/GYQige8k8LtixtkFI6Nz2pCjBAHEdViMduvQ2uSX3hGlj5A==,1,1
MOL - Money Online | Buy Game Credits with MOLPoints,/Account/Activation?l=8Zuq81BLDtS0/I/7pd6OUDeCL4rM0vsHzg+n42kIJD0=&h=LDADOK8gc6J/QdGFUaINKkHlY0hPO3C8uheLDpUKBI7UjgHUbUHFjg==,1,1
MOL - Money Online | Buy Game Credits with MOLPoints,/Account/Activation?l=9TaUSRSFch7ycTI5afyObCSRMoMjpyRUIhVAjQXDaZk=&h=sP74vbazRNb1x5muFCdajm69R43Yqw/DMEJembYRnLK9QNKrtEyRnA==,1,1
MOL - Money Online | Buy Game Credits with MOLPoints,/Account/Activation?l=AZj5cQrEZVHufrne1XkTRFuwLOsY5WYR&h=5MXOIa9MV8GmGkE4rwBxAAXEJohmTqj4wd2WdIjbjTT3kOzEoJS3cw==,0,1
MOL - Money Online | Buy Game Credits with MOLPoints,/Account/Activation?l=EJRUj5lHsKGCEznPSLJf7P/zo/7Nivcn4q0j/QPJo+0=&h=zzKSXVEehNH3JUQaotxFsOMXdBTJw5ORsIEtHScu8IyYTgh1fC176A==,1,1
MOL - Money Online | Buy Game Credits with MOLPoints,/Account/Activation?l=FY53a+YAglnA1tt6wf0eEEo5KiOAjPwr&h=QX/qk3qrcF7ldboZpzNprT6jNIbv7DC2wMSiO9O/vm4BFpW87o+O8g==,1,1
MOL - Money Online | Buy Game Credits with MOLPoints,/Account/Activation?l=IJPAuAO3DKuaTPdWhSKfMclz7fwc6QHzfmzoxWzFa70=&h=CMRqeV73dRgDUO9QteNps4BebRPvxG2NdcWhF14aDe+8LHruu6dKYA==,1,1
MOL - Money Online | Buy Game Credits with MOLPoints,/Account/Activation?l=JGp73oKvCPhdQiUOhLg/sw==&h=zYjT8y5fo5w2sm/XknS2FODNwHcuKujzJRbPTaooLWqckvQp9BsudA==,0,1
MOL - Money Online | Buy Game Credits with MOLPoints,/Account/Activation?l=P1S1D+9+CUy+xUNK+I+MYUS2GtCN8g/j&h=PCSlKY3UKpyzjIxLuyudRDPlUH8sgl5bs8TBdguqyW0YuuvFytme6w==,1,1
MOL - Money Online | Buy Game Credits with MOLPoints,/Account/Activation?l=W9UWf67Z5LXBG9qPjGRApVd/cGUHzNCZs23fUH/oA0g=&h=ip+fQbH3J15r7zPGK1GcWBHokppwigDFlOjzkztk3/OIMKjYBNoPwQ==,1,1
MOL - Money Online | Buy Game Credits with MOLPoints,/Account/Activation?l=aCG0XZg43NtP1WByIqcbfWOyjLspvrH4&h=BpQ0o2u/AV+ySpvzRFwFXhVOrY48kg7FlZqibHsKjqeZy/Ze90IWgQ==,1,1
MOL - Money Online | Buy Game Credits with MOLPoints,/Account/Activation?l=bFQLsqyHLNxcWwr8DVAjpOK3fldQzWU9&h=0vuCmlaP5HOJL+vg/SgXqMGghbPLBTAqwwl9vX3ET1sS7/+kwjYiDQ==,1,1
MOL - Money Online | Buy Game Credits with MOLPoints,/Account/Activation?l=bFQLsqyHLNxcWwr8DVAjpOK3fldQzWU9&h=t7TO1+rtTJh/096iWCcTNZS60vwVZNLQnS4lRKzG+jByEaA1kLQnxQ==,1,1
MOL - Money Online | Buy Game Credits with MOLPoints,/Account/Activation?l=ccG+voAk+Rkni3uCd3ZnP0vgCjBNopQM&h=8nwvWVUt3UkcD+1SgcACEYWoUQiFVQ54/gGg3PLoxFB9QNofOPA81w==,1,1
MOL - Money Online | Buy Game Credits with MOLPoints,/Account/Activation?l=iWv6Rk2srxZsiji7Ryumg2I8kcqVT1Yt67V4gpc7wCk=&h=KqkwIp5I3gOKLFGQZOFEwquDysFQg0u+xyJQOuIa0HR6c8YvhS4fEA==,1,1
MOL - Money Online | Buy Game Credits with MOLPoints,/Account/Activation?l=kn21/yEza3JXtV1Mi6LONMfbEI+Gu4gyljHUqukNRPA=&h=D+Wu1SbgUb0F6h3LtNz01AC4kg342L7IrAU8+G5hWciaIuqH/YnegA==,1,1
MOL - Money Online | Buy Game Credits with MOLPoints,/Account/Activation?l=nq+2+Lne9GA5NRqr+mOpvltRhVKFECTp&h=U34gXQcsmEkTuD3BlkPfNUbkl2lLU5VntFQGr15dhlJD9js2CRdDoQ==,1,1
MOL - Money Online | Buy Game Credits with MOLPoints,/Account/Activation?l=sIe/FZkWkEPxOoldKjDHZykV6swRaJZ2&h=HaGXnlpgrs8BBOFkjTEpknhOUiqPROkU8+XDQk6OeutMHBWG2D8OvA==,1,1
MOL - Money Online | Buy Game Credits with MOLPoints,/Account/Activation?l=wdvHTD8CMXq3UlBc9zUknWHBtBqZNUqkgSqYcQTjqBLeu0RwbgGzyw==&h=i0zyQDhDVSpQATl92x3evCcU47zczGwqa6fy2EcaonX1eGsO+r3dXg==,0,1
MOL - Money Online | Buy Game Credits with MOLPoints,/Account/Activation?l=z+8nOTPh/9a8lawT72YwlOG1CL0PrQfu&h=wDqbBeR3VEf2sS4RRtpxRfYc1Nm4bxoac7v4ibX5oR00TUm55dHlnA==,0,1
MOL - Money Online | Buy Game Credits with MOLPoints,/Account/ChangeLanguage,1,1
MOL - Money Online | Buy Game Credits with MOLPoints,/Account/LogIn?ReturnUrl=/Account/AccountSettings,2,1
MOL - Money Online | Buy Game Credits with MOLPoints,/Account/LogIn?ReturnUrl=/PaymentChannel/OnlineChannelRedirection?channel=MasterCard&channel=MasterCard,1,1
MOL - Money Online | Buy Game Credits with MOLPoints,/Account/LogIn?ReturnUrl=/PaymentChannel/OnlineChannelRedirection?channel=Visa&channel=Visa,1,1
MOL - Money Online | Buy Game Credits with MOLPoints,/Account/LogIn?ReturnUrl=/PaymentChannel/OnlineChannelRedirection?channel=VisaMasterCard&channel=VisaMasterCard,1,1
MOL - Money Online | Buy Game Credits with MOLPoints,/Account/LogIn?ReturnUrl=/PaymentChannel/OnlineChannelRedirection?channel=eNETS&channel=eNETS,1,1
MOL - Money Online | Buy Game Credits with MOLPoints,/Account/LogIn?ReturnUrl=/Product/Buy?pid=348&gameid=1143&pid=348&gameid=1143,1,1
MOL - Money Online | Buy Game Credits with MOLPoints,/Account/LogIn?ReturnUrl=/Product/Buy?pid=4006&gameid=1276&pid=4006&gameid=1276,0,1
MOL - Money Online | Buy Game Credits with MOLPoints,/Account/LogIn?ReturnUrl=/Product/Buy?pid=4378&gameid=1417&pid=4378&gameid=1417,0,1
MOL - Money Online | Buy Game Credits with MOLPoints,/Account/LogIn?ReturnUrl=/Product/Buy?pid=4417&gameid=1425&pid=4417&gameid=1425,0,1
MOL - Money Online | Buy Game Credits with MOLPoints,/Account/LogIn?ReturnUrl=/Product/Buy?pid=634&gameid=1270&pid=634&gameid=1270,1,1
MOL - Money Online | Buy Game Credits with MOLPoints,/Account/LogIn?ReturnUrl=/Reload/Coupon,1,1
MOL - Money Online | Buy Game Credits with MOLPoints,/Account/LogIn?ReturnUrl=/Reload/Coupon/25,0,1
MOL - Money Online | Buy Game Credits with MOLPoints,/Account/LogIn?ReturnUrl=/Reload/Coupon/34,1,1
MOL - Money Online | Buy Game Credits with MOLPoints,/Account/LogIn?ReturnUrl=/Transaction/Pin?orderid=JC00022372&orderid=JC00022372,1,1
MOL - Money Online | Buy Game Credits with MOLPoints,/Account/LogIn?ReturnUrl=/Transaction?p=1&p=1,1,1
MOL - Money Online | Buy Game Credits with MOLPoints,/Account/ResetPassword?e=+3ng09bGvmL4IbHTytUi3JweMjj4zvYk&t=YugmkwmCJqqXeS6tJdyQsW5DCdUR6Zg7Bb7igxjds2faGAI0gvRwgA==,0,1
MOL - Money Online | Buy Game Credits with MOLPoints,/Account/ResetPassword?e=F7zrhci+Hna2jbIWwH5U0heBwdQzaxh2&t=PNSiyKUHJjvFcNYxVw3st4c4uuA8COflnuBYgg+4Q9Ls9TmwL7jgRw==,0,1
MOL - Money Online | Buy Game Credits with MOLPoints,/Account/ResetPassword?e=SxoLUC197iQgkBaMKW6gahMqqsz2Wzr4&t=QawWvhsPmoV60SB9ou6C6omvr9ZYGlCJXLDkqc+cFDSFAldNe8EAMA==,1,1
MOL - Money Online | Buy Game Credits with MOLPoints,/Account/ResetPassword?e=TXL16n0/Mll85nsqebtge+O9pCaqIG/f&t=YoF6F+Hf6Tx7EZT/oH9XrOdfsTbM16erv3d75ZjZcucQAEvnSxmJwg==,1,1
MOL - Money Online | Buy Game Credits with MOLPoints,/Account/ResetPassword?e=bta6micgRuU2QPFbuluGmsfRoyW9EzbL&t=buqWfM/mj489Hryo7QgDO1m6mvASf8Mn20BCZxrv66TbP35/dg8GaQ==,1,1
MOL - Money Online | Buy Game Credits with MOLPoints,/Account/ResetPassword?e=mSdQ5EgGNXyPAwj6lk/PskW2Ka67hxTl&t=rQmG+/Z+AM6YGVY20yUJ7lMycGjUTsC74Jc+1YMfLQKYoVcHxJNfiw==,1,1
MOL - Money Online | Buy Game Credits with MOLPoints,/Account/ResetPassword?e=mVqH6i3ArbwiVQ/NHRHZVtHsaQmYcPHAEKC038DWYiE=&t=QeWCy9axo9yd2S4rRWBH9P1c3rfFbcqxAgzJW/vUeOMUXmSMOZAAmw==,0,1
MOL - Money Online | Buy Game Credits with MOLPoints,/Account/ResetPassword?e=sF8b53NfElB/gFFiWT6nMM+5noG/n4lD&t=xZQl3qhqDBj6w7i7mAMeo1rAxbK+eluBSIKtNHEoQ8HrI5d8Malfaw==,1,1
MOL - Money Online | Buy Game Credits with MOLPoints,/Account/ResetPassword?e=vgNZjSn8y7hjtz+9tXP2jAw6LrSZX8ovupw2ALYMXM8=&t=lGiqGRmjNhgeyzfzMsausUzu67G+6MS95QGi5pgU/LnBWu8S51JuPw==,0,1
MOL - Money Online | Buy Game Credits with MOLPoints,/Account/ResetPassword?e=xLxldC/EcoOIXfqrs2Taba+5cNAGq7kd&t=yHZpsAhMQ+erZ+WiOc+LGcJ+hyVfNXTHWmfHad77ANwgu+NgBqvlow==,1,1
MOL - Money Online | Buy Game Credits with MOLPoints,/Account/register,1,1
MOL - Money Online | Buy Game Credits with MOLPoints,/Error/Http404?aspxerrorpath=/My,1,1
MOL - Money Online | Buy Game Credits with MOLPoints,/Error/Http404?aspxerrorpath=/global/HowReload.aspx,1,1
MOL - Money Online | Buy Game Credits with MOLPoints,/Error/Http404?aspxerrorpath=/global/wtg_paypal.aspx,1,1
MOL - Money Online | Buy Game Credits with MOLPoints,/Error/Http404?aspxerrorpath=/id/molmember/acc/mypage.aspx,1,1
MOL - Money Online | Buy Game Credits with MOLPoints,/Error/Http404?aspxerrorpath=/legendofedda,1,1
MOL - Money Online | Buy Game Credits with MOLPoints,/Error/Http404?aspxerrorpath=/ph/MOLFreedom.aspx,1,1
MOL - Money Online | Buy Game Credits with MOLPoints,/Error/Http404?aspxerrorpath=/ph/MobilePhone.aspx,1,1
MOL - Money Online | Buy Game Credits with MOLPoints,/Error/Http404?aspxerrorpath=/ph/RewardsProgramme.aspx,1,1
MOL - Money Online | Buy Game Credits with MOLPoints,/Error/Http404?aspxerrorpath=/ph/howto_Steam.aspx,1,1
MOL - Money Online | Buy Game Credits with MOLPoints,/Error/Http404?aspxerrorpath=/sg/gameshive.aspx,1,1
MOL - Money Online | Buy Game Credits with MOLPoints,/Error/Http404?aspxerrorpath=/sg/promos/MOLPoints-Giveaway.aspx,1,1
MOL - Money Online | Buy Game Credits with MOLPoints,/Error/Http404?aspxerrorpath=/sg/showmsg.aspx,1,1
MOL - Money Online | Buy Game Credits with MOLPoints,/Error/Http404?aspxerrorpath=/sg/wtg_MOLPoints_retailers.aspx,1,1
MOL - Money Online | Buy Game Credits with MOLPoints,/Error/Http404?aspxerrorpath=/sg/wtg_retailers.aspx,1,1
MOL - Money Online | Buy Game Credits with MOLPoints,/Error/Http404?aspxerrorpath=/v5/en/HowReload.aspx,1,1
MOL - Money Online | Buy Game Credits with MOLPoints,/Error/Http404?aspxerrorpath=/v5/en/iTunes.aspx,1,1
MOL - Money Online | Buy Game Credits with MOLPoints,/Help/FeedbackResult?TicketNumber=201411010013,0,1
MOL - Money Online | Buy Game Credits with MOLPoints,/Home/News,1,1
MOL - Money Online | Buy Game Credits with MOLPoints,/PaymentChannel/Faq/48,1,1
MOL - Money Online | Buy Game Credits with MOLPoints,/PaymentChannel/Faq/50,0,1
MOL - Money Online | Buy Game Credits with MOLPoints,/PaymentChannel/Faq/54,0,1
MOL - Money Online | Buy Game Credits with MOLPoints,/PaymentChannel/Faq/60,0,1
MOL - Money Online | Buy Game Credits with MOLPoints,/PaymentChannel/WesternUnion/43,0,1
MOL - Money Online | Buy Game Credits with MOLPoints,/Product/Buy?pid=131&gameid=126,0,1
MOL - Money Online | Buy Game Credits with MOLPoints,/Product/Buy?pid=1670&gameid=1177,0,1
MOL - Money Online | Buy Game Credits with MOLPoints,/Product/Buy?pid=1686&gameid=598,0,1
MOL - Money Online | Buy Game Credits with MOLPoints,/Product/Buy?pid=1736&gameid=641,0,1
MOL - Money Online | Buy Game Credits with MOLPoints,/Product/Buy?pid=1845&gameid=1397,0,1
MOL - Money Online | Buy Game Credits with MOLPoints,/Product/Buy?pid=190&gameid=1180,0,1
MOL - Money Online | Buy Game Credits with MOLPoints,/Product/Buy?pid=190&gameid=221,0,1
MOL - Money Online | Buy Game Credits with MOLPoints,/Product/Buy?pid=2155&gameid=726,0,1
MOL - Money Online | Buy Game Credits with MOLPoints,/Product/Buy?pid=2156&gameid=726,0,1
MOL - Money Online | Buy Game Credits with MOLPoints,/Product/Buy?pid=2181&gameid=161,0,1
MOL - Money Online | Buy Game Credits with MOLPoints,/Product/Buy?pid=2539&gameid=262,0,1
MOL - Money Online | Buy Game Credits with MOLPoints,/Product/Buy?pid=2600&gameid=809,0,1
MOL - Money Online | Buy Game Credits with MOLPoints,/Product/Buy?pid=264&gameid=156,0,1
MOL - Money Online | Buy Game Credits with MOLPoints,/Product/Buy?pid=266&gameid=161,0,1
MOL - Money Online | Buy Game Credits with MOLPoints,/Product/Buy?pid=3274&gameid=1359,0,1
MOL - Money Online | Buy Game Credits with MOLPoints,/Product/Buy?pid=3274&gameid=998,0,1
MOL - Money Online | Buy Game Credits with MOLPoints,/Product/Buy?pid=353&gameid=231,0,1
MOL - Money Online | Buy Game Credits with MOLPoints,/Product/Buy?pid=3989&gameid=1250,0,1
MOL - Money Online | Buy Game Credits with MOLPoints,/Product/Buy?pid=4311&gameid=231,0,1
MOL - Money Online | Buy Game Credits with MOLPoints,/Product/Buy?pid=4336&gameid=1407,1,1
MOL - Money Online | Buy Game Credits with MOLPoints,/Product/Buy?pid=52&gameid=143,0,1
MOL - Money Online | Buy Game Credits with MOLPoints,/Product/Buy?pid=530&gameid=793,0,1
MOL - Money Online | Buy Game Credits with MOLPoints,/Product/Buy?pid=609&gameid=262,0,1
MOL - Money Online | Buy Game Credits with MOLPoints,/Product/Buy?pid=610&gameid=261,0,1
MOL - Money Online | Buy Game Credits with MOLPoints,/Product/Buy?pid=610&gameid=262,0,1
MOL - Money Online | Buy Game Credits with MOLPoints,/Product/Buy?pid=611&gameid=344,0,1
MOL - Money Online | Buy Game Credits with MOLPoints,/Product/Buy?pid=612&gameid=344,0,1
MOL - Money Online | Buy Game Credits with MOLPoints,/Product/Buy?pid=613&gameid=262,0,1
MOL - Money Online | Buy Game Credits with MOLPoints,/Product/Buy?pid=632&gameid=381,0,1
MOL - Money Online | Buy Game Credits with MOLPoints,/Product/Buy?pid=632&gameid=761,0,1
MOL - Money Online | Buy Game Credits with MOLPoints,/Product/Buy?pid=690&gameid=119,0,1
MOL - Money Online | Buy Game Credits with MOLPoints,/Product/Faq/1160,1,1
MOL - Money Online | Buy Game Credits with MOLPoints,/Product/Faq/1368,1,1
MOL - Money Online | Buy Game Credits with MOLPoints,/Product/Faq/1422,0,1
MOL - Money Online | Buy Game Credits with MOLPoints,/Product/Faq/344,1,1
MOL - Money Online | Buy Game Credits with MOLPoints,/Product/Faq/553,0,1
MOL - Money Online | Buy Game Credits with MOLPoints,/Product/GamehiveMicro/1010,0,1
MOL - Money Online | Buy Game Credits with MOLPoints,/Product/GamehiveMicro/1019,1,1
MOL - Money Online | Buy Game Credits with MOLPoints,/Product/GamehiveMicro/1033,0,1
MOL - Money Online | Buy Game Credits with MOLPoints,/Product/GamehiveMicro/1069,1,1
MOL - Money Online | Buy Game Credits with MOLPoints,/Product/GamehiveMicro/1073,1,1
MOL - Money Online | Buy Game Credits with MOLPoints,/Product/GamehiveMicro/1082,0,1
MOL - Money Online | Buy Game Credits with MOLPoints,/Product/GamehiveMicro/1127,1,1
MOL - Money Online | Buy Game Credits with MOLPoints,/Product/GamehiveMicro/1177,0,1
MOL - Money Online | Buy Game Credits with MOLPoints,/Product/GamehiveMicro/1182,1,1
MOL - Money Online | Buy Game Credits with MOLPoints,/Product/GamehiveMicro/1208,1,1
MOL - Money Online | Buy Game Credits with MOLPoints,/Product/GamehiveMicro/1210,1,1
MOL - Money Online | Buy Game Credits with MOLPoints,/Product/GamehiveMicro/1220,1,1
MOL - Money Online | Buy Game Credits with MOLPoints,/Product/GamehiveMicro/1229,0,1
MOL - Money Online | Buy Game Credits with MOLPoints,/Product/GamehiveMicro/1238,0,1
MOL - Money Online | Buy Game Credits with MOLPoints,/Product/GamehiveMicro/1247,1,1
MOL - Money Online | Buy Game Credits with MOLPoints,/Product/GamehiveMicro/1269,1,1
MOL - Money Online | Buy Game Credits with MOLPoints,/Product/GamehiveMicro/1271,0,1
MOL - Money Online | Buy Game Credits with MOLPoints,/Product/GamehiveMicro/1295,1,1
MOL - Money Online | Buy Game Credits with MOLPoints,/Product/GamehiveMicro/1350,0,1
MOL - Money Online | Buy Game Credits with MOLPoints,/Product/GamehiveMicro/1361,0,1
MOL - Money Online | Buy Game Credits with MOLPoints,/Product/GamehiveMicro/1398,0,1
MOL - Money Online | Buy Game Credits with MOLPoints,/Product/GamehiveMicro/1411,1,1
MOL - Money Online | Buy Game Credits with MOLPoints,/Product/GamehiveMicro/1420,0,1
MOL - Money Online | Buy Game Credits with MOLPoints,/Product/GamehiveMicro/1426,1,1
MOL - Money Online | Buy Game Credits with MOLPoints,/Product/GamehiveMicro/1428,0,1
MOL - Money Online | Buy Game Credits with MOLPoints,/Product/GamehiveMicro/1429,1,1
MOL - Money Online | Buy Game Credits with MOLPoints,/Product/GamehiveMicro/1434,1,1
MOL - Money Online | Buy Game Credits with MOLPoints,/Product/GamehiveMicro/1436,1,1
MOL - Money Online | Buy Game Credits with MOLPoints,/Product/GamehiveMicro/1438,1,1
MOL - Money Online | Buy Game Credits with MOLPoints,/Product/GamehiveMicro/1439,0,1
MOL - Money Online | Buy Game Credits with MOLPoints,/Product/GamehiveMicro/147,1,1
MOL - Money Online | Buy Game Credits with MOLPoints,/Product/GamehiveMicro/155,0,1
MOL - Money Online | Buy Game Credits with MOLPoints,/Product/GamehiveMicro/157,1,1
MOL - Money Online | Buy Game Credits with MOLPoints,/Product/GamehiveMicro/164,0,1
MOL - Money Online | Buy Game Credits with MOLPoints,/Product/GamehiveMicro/185,0,1
MOL - Money Online | Buy Game Credits with MOLPoints,/Product/GamehiveMicro/220,0,1
MOL - Money Online | Buy Game Credits with MOLPoints,/Product/GamehiveMicro/234,1,1
MOL - Money Online | Buy Game Credits with MOLPoints,/Product/GamehiveMicro/272,1,1
MOL - Money Online | Buy Game Credits with MOLPoints,/Product/GamehiveMicro/278,1,1
MOL - Money Online | Buy Game Credits with MOLPoints,/Product/GamehiveMicro/320,0,1
MOL - Money Online | Buy Game Credits with MOLPoints,/Product/GamehiveMicro/363,0,1
MOL - Money Online | Buy Game Credits with MOLPoints,/Product/GamehiveMicro/449,1,1
MOL - Money Online | Buy Game Credits with MOLPoints,/Product/GamehiveMicro/471,0,1
MOL - Money Online | Buy Game Credits with MOLPoints,/Product/GamehiveMicro/538,1,1
MOL - Money Online | Buy Game Credits with MOLPoints,/Product/GamehiveMicro/566,1,1
MOL - Money Online | Buy Game Credits with MOLPoints,/Product/GamehiveMicro/605,0,1
MOL - Money Online | Buy Game Credits with MOLPoints,/Product/GamehiveMicro/634,1,1
MOL - Money Online | Buy Game Credits with MOLPoints,/Product/GamehiveMicro/635,1,1
MOL - Money Online | Buy Game Credits with MOLPoints,/Product/GamehiveMicro/659,1,1
MOL - Money Online | Buy Game Credits with MOLPoints,/Product/GamehiveMicro/735,0,1
MOL - Money Online | Buy Game Credits with MOLPoints,/Product/GamehiveMicro/793,0,1
MOL - Money Online | Buy Game Credits with MOLPoints,/Product/GamehiveMicro/802,1,1
MOL - Money Online | Buy Game Credits with MOLPoints,/Product/GamehiveMicro/805,0,1
MOL - Money Online | Buy Game Credits with MOLPoints,/Product/GamehiveMicro/824,0,1
MOL - Money Online | Buy Game Credits with MOLPoints,/Product/GamehiveMicro/831,1,1
MOL - Money Online | Buy Game Credits with MOLPoints,/Product/GamehiveMicro/878,1,1
MOL - Money Online | Buy Game Credits with MOLPoints,/Product/GamehiveMicro/882,1,1
MOL - Money Online | Buy Game Credits with MOLPoints,/Product/GamehiveMicro/913,1,1
MOL - Money Online | Buy Game Credits with MOLPoints,/Product/GamehiveMicro/996,0,1
MOL - Money Online | Buy Game Credits with MOLPoints,/Product/GamesHive?t=0&k=.&p=16,0,1
MOL - Money Online | Buy Game Credits with MOLPoints,/Product/GamesHive?t=0&k=.&p=21,0,1
MOL - Money Online | Buy Game Credits with MOLPoints,/Product/GamesHive?t=0&k=.&p=36,0,1
MOL - Money Online | Buy Game Credits with MOLPoints,/Product/GamesHive?t=0&k=.&p=6,0,1
MOL - Money Online | Buy Game Credits with MOLPoints,/Product/GamesHive?t=0&k=E&p=1,0,1
MOL - Money Online | Buy Game Credits with MOLPoints,/Product/GamesHive?t=0&k=N&p=1,0,1
MOL - Money Online | Buy Game Credits with MOLPoints,/Product/GamesHive?t=0&k=O&p=1,0,1
MOL - Money Online | Buy Game Credits with MOLPoints,/Product/GamesHive?t=0&k=U&p=1,0,1
MOL - Money Online | Buy Game Credits with MOLPoints,/Product/GamesHive?t=1&k=.&p=5,1,1
MOL - Money Online | Buy Game Credits with MOLPoints,/Product/GamesHive?t=1&k=C&p=1,0,1
MOL - Money Online | Buy Game Credits with MOLPoints,/Product/GamesHive?t=1&k=H&p=1,0,1
MOL - Money Online | Buy Game Credits with MOLPoints,/Product/GamesHive?t=1&k=K&p=1,0,1
MOL - Money Online | Buy Game Credits with MOLPoints,/Product/GamesHive?t=1&k=L&p=1,0,1
MOL - Money Online | Buy Game Credits with MOLPoints,/Product/GamesHive?t=1&k=M&p=1,0,1
MOL - Money Online | Buy Game Credits with MOLPoints,/Product/GamesHive?t=1&k=R&p=1,0,1
MOL - Money Online | Buy Game Credits with MOLPoints,/Product/GamesHive?t=1&k=W&p=1,0,1
MOL - Money Online | Buy Game Credits with MOLPoints,/Product/GamesHive?t=1&k=Y&p=1,1,1
MOL - Money Online | Buy Game Credits with MOLPoints,/Product/GamesHive?t=2&k=B&p=1,0,1
MOL - Money Online | Buy Game Credits with MOLPoints,/Product/GamesHive?t=2&k=J&p=1,0,1
MOL - Money Online | Buy Game Credits with MOLPoints,/Product/GamesHive?t=2&k=S&p=1,0,1
MOL - Money Online | Buy Game Credits with MOLPoints,/Product/GamesHive?t=2&k=W&p=1,0,1
MOL - Money Online | Buy Game Credits with MOLPoints,/Product/GamesHive?t=3&k=B&p=1,0,1
MOL - Money Online | Buy Game Credits with MOLPoints,/Product/GamesHive?t=3&k=F&p=1,1,1
MOL - Money Online | Buy Game Credits with MOLPoints,/Product/GamesHive?t=3&k=N&p=1,0,1
MOL - Money Online | Buy Game Credits with MOLPoints,/Product/GamesHive?t=3&k=X&p=1,0,1
MOL - Money Online | Buy Game Credits with MOLPoints,/Product/GamesHive?t=3&k=Y&p=1,0,1
MOL - Money Online | Buy Game Credits with MOLPoints,/Product/GamesHive?t=4&k=B&p=1,1,1
MOL - Money Online | Buy Game Credits with MOLPoints,/Product/GamesHive?t=4&k=E&p=1,0,1
MOL - Money Online | Buy Game Credits with MOLPoints,/Product/GamesHive?t=4&k=G&p=1,1,1
MOL - Money Online | Buy Game Credits with MOLPoints,/Product/GamesHive?t=4&k=L&p=1,1,1
MOL - Money Online | Buy Game Credits with MOLPoints,/Product/GamesHive?t=4&k=P&p=1,0,1
MOL - Money Online | Buy Game Credits with MOLPoints,/Product/GamesHive?t=4&k=Q&p=1,1,1
MOL - Money Online | Buy Game Credits with MOLPoints,/Product/GamesHive?t=4&k=R&p=1,1,1
MOL - Money Online | Buy Game Credits with MOLPoints,/Product/GamesHive?t=4&k=U&p=1,1,1
MOL - Money Online | Buy Game Credits with MOLPoints,/Product/GamesHive?t=4&k=W&p=1,0,1
MOL - Money Online | Buy Game Credits with MOLPoints,/Product/GamesHive?t=4&k=Z&p=1,1,1
MOL - Money Online | Buy Game Credits with MOLPoints,/Product/gameshive?t=0&k=.&p=12,1,1
MOL - Money Online | Buy Game Credits with MOLPoints,/Product/gameshive?t=0&k=.&p=13,1,1
MOL - Money Online | Buy Game Credits with MOLPoints,/Product/gameshive?t=0&k=.&p=14,1,1
MOL - Money Online | Buy Game Credits with MOLPoints,/Product/gameshive?t=0&k=.&p=15,1,1
MOL - Money Online | Buy Game Credits with MOLPoints,/Product/gameshive?t=0&k=.&p=16,1,1
MOL - Money Online | Buy Game Credits with MOLPoints,/Product/gameshive?t=0&k=.&p=17,1,1
MOL - Money Online | Buy Game Credits with MOLPoints,/Product/gameshive?t=0&k=.&p=18,1,1
MOL - Money Online | Buy Game Credits with MOLPoints,/Product/gameshive?t=0&k=.&p=19,1,1
MOL - Money Online | Buy Game Credits with MOLPoints,/Product/gameshive?t=0&k=.&p=21,1,1
MOL - Money Online | Buy Game Credits with MOLPoints,/Product/gameshive?t=0&k=.&p=22,1,1
MOL - Money Online | Buy Game Credits with MOLPoints,/Product/gameshive?t=0&k=.&p=35,1,1
MOL - Money Online | Buy Game Credits with MOLPoints,/Product/gameshive?t=0&k=.&p=36,1,1
MOL - Money Online | Buy Game Credits with MOLPoints,/Product/gameshive?t=0&k=.&p=37,1,1
MOL - Money Online | Buy Game Credits with MOLPoints,/Product/gameshive?t=0&k=.&p=38,1,1
MOL - Money Online | Buy Game Credits with MOLPoints,/Product/gameshive?t=0&k=B&p=1,0,1
MOL - Money Online | Buy Game Credits with MOLPoints,/Product/gameshive?t=0&k=F&p=1,1,1
MOL - Money Online | Buy Game Credits with MOLPoints,/Product/gameshive?t=0&k=G&p=1,1,1
MOL - Money Online | Buy Game Credits with MOLPoints,/Product/gameshive?t=0&k=P&p=2,0,1
MOL - Money Online | Buy Game Credits with MOLPoints,/Product/gameshive?t=0&k=X&p=2,0,1
MOL - Money Online | Buy Game Credits with MOLPoints,/Product/gameshive?t=1&k=G&p=1,0,1
MOL - Money Online | Buy Game Credits with MOLPoints,/Product/gameshive?t=3&k=&p=10,0,1
MOL - Money Online | Buy Game Credits with MOLPoints,/Product/gameshive?t=3&k=&p=3,0,1
MOL - Money Online | Buy Game Credits with MOLPoints,/Product/gameshive?t=3&k=&p=5,0,1
MOL - Money Online | Buy Game Credits with MOLPoints,/Product/gameshive?t=3&k=.&p=11,0,1
MOL - Money Online | Buy Game Credits with MOLPoints,/Product/gameshive?t=3&k=.&p=12,0,1
MOL - Money Online | Buy Game Credits with MOLPoints,/Product/gameshive?t=3&k=.&p=13,0,1
MOL - Money Online | Buy Game Credits with MOLPoints,/Product/gameshive?t=3&k=.&p=14,0,1
MOL - Money Online | Buy Game Credits with MOLPoints,/Product/gameshive?t=3&k=.&p=16,0,1
MOL - Money Online | Buy Game Credits with MOLPoints,/Product/gameshive?t=3&k=.&p=17,0,1
MOL - Money Online | Buy Game Credits with MOLPoints,/Product/gameshive?t=3&k=.&p=19,0,1
MOL - Money Online | Buy Game Credits with MOLPoints,/Product/gameshive?t=3&k=.&p=20,0,1
MOL - Money Online | Buy Game Credits with MOLPoints,/Product/gameshive?t=3&k=.&p=21,0,1
MOL - Money Online | Buy Game Credits with MOLPoints,/Product/gameshive?t=3&k=.&p=22,0,1
MOL - Money Online | Buy Game Credits with MOLPoints,/Product/gameshive?t=3&k=.&p=28,0,1
MOL - Money Online | Buy Game Credits with MOLPoints,/Promo/Index?code=PHXmasPromo20141028,1,1
MOL - Money Online | Buy Game Credits with MOLPoints,/Reload/Coupon/48,0,1
MOL - Money Online | Buy Game Credits with MOLPoints,/Reload/Coupon/61,0,1
MOL - Money Online | Buy Game Credits with MOLPoints,/Reward/RedeemVirtual?itemCode=VI001,0,1
MOL - Money Online | Buy Game Credits with MOLPoints,/Shared/Message/1?e=+esetfJGfvFnk8XQp/NVmSqCyzNfuwZi,0,1
MOL - Money Online | Buy Game Credits with MOLPoints,/Shared/Message/1?e=3VPFxvYgRQzq4YLNCOzMoDPLnImDXN2a,0,1
MOL - Money Online | Buy Game Credits with MOLPoints,/Shared/Message/1?e=59YpCssUSLqWT0lXgrsNVeQJds54J+Pu,0,1
MOL - Money Online | Buy Game Credits with MOLPoints,/Shared/Message/1?e=6cptPz9nDLbjjmndr6g3/yGHHGusH+lP,1,1
MOL - Money Online | Buy Game Credits with MOLPoints,/Shared/Message/1?e=F7zrhci+Hna2jbIWwH5U0heBwdQzaxh2,0,1
MOL - Money Online | Buy Game Credits with MOLPoints,/Shared/Message/1?e=Q21nS842SkI=,2,1
MOL - Money Online | Buy Game Credits with MOLPoints,/Shared/Message/1?e=TQcwVVuS+XvmqIMLn2ueKpx7gl/2UaRu,0,1
MOL - Money Online | Buy Game Credits with MOLPoints,/Shared/Message/1?e=W61P4HI8CwAu94M/bHTARSku3GcUDXZbcBkbTv5gNRY=,1,1
MOL - Money Online | Buy Game Credits with MOLPoints,/Shared/Message/1?e=Z2uw2oNq/bnbD8h/hAV3jhEFscMqcPbn,1,1
MOL - Money Online | Buy Game Credits with MOLPoints,/Shared/Message/1?e=eo0q4JX5r2+rMtPuMlOKQSr0qQaY/U4MTCv/md25fbg=,0,1
MOL - Money Online | Buy Game Credits with MOLPoints,/Shared/Message/1?e=l05OlPnpBmtfde8vPau3cccrYDBQY5m6,0,1
MOL - Money Online | Buy Game Credits with MOLPoints,/Shared/Message/1?e=mGSzZiaSqAmEyWmW9968Akpk6dPtXUjXa+DghxMyTZo=,0,1
MOL - Money Online | Buy Game Credits with MOLPoints,/Shared/Message/1?e=z+8nOTPh/9a8lawT72YwlOG1CL0PrQfu,0,1
MOL - Money Online | Buy Game Credits with MOLPoints,/Shared/Message/2?e=Mok_junwen@hotmail.com,1,1
MOL - Money Online | Buy Game Credits with MOLPoints,/Shared/Message/2?e=cashlee@singnet.com.sg,0,1
MOL - Money Online | Buy Game Credits with MOLPoints,/Shared/Message/2?e=elxshuriken@gmail.com,1,1
MOL - Money Online | Buy Game Credits with MOLPoints,/Shared/Message/2?e=lemonseah2@hotmail.com,1,1
MOL - Money Online | Buy Game Credits with MOLPoints,/Shared/Message/2?e=minghanlee@rocketmail.com,0,1
MOL - Money Online | Buy Game Credits with MOLPoints,/Shared/Message/2?e=pei_3268@yahoo.com.sg,0,1
MOL - Money Online | Buy Game Credits with MOLPoints,/Shared/Message/2?e=qadirstylo@gmail.com,1,1
MOL - Money Online | Buy Game Credits with MOLPoints,/Shared/Message/2?e=resolvedgg@gmail.com,0,1
MOL - Money Online | Buy Game Credits with MOLPoints,/Shared/Message/2?e=vretcok@outlook.com,1,1
MOL - Money Online | Buy Game Credits with MOLPoints,/Shared/Message/2?e=yfliu83@gmail.com,0,1
MOL - Money Online | Buy Game Credits with MOLPoints,/Shared/Message/2?e=yuqiangheng@yahoo.com,0,1
MOL - Money Online | Buy Game Credits with MOLPoints,/Shared/Message/3?e=59YpCssUSLqWT0lXgrsNVeQJds54J+Pu,1,1
MOL - Money Online | Buy Game Credits with MOLPoints,/Shared/Message/3?e=Ty/EKNrL3iCp6jErN4WQ+9/B2AC0LgJ5ovRiu/SzEGs=,0,1
MOL - Money Online | Buy Game Credits with MOLPoints,/Shared/Message/3?e=ZtaZ4i0wf8n0GvFBY+fxAzRF+e+gwGgXyY0Ih0STJDM=,0,1
MOL - Money Online | Buy Game Credits with MOLPoints,/Shared/Message/3?e=bFQLsqyHLNxcWwr8DVAjpOK3fldQzWU9,1,1
MOL - Money Online | Buy Game Credits with MOLPoints,/Shared/Message/3?e=z+8nOTPh/9a8lawT72YwlOG1CL0PrQfu,0,1
MOL - Money Online | Buy Game Credits with MOLPoints,/Shared/Message/3?e=zwQIyshuKdN+WFtgCE4dytxb3F1fxUYH,0,1
MOL - Money Online | Buy Game Credits with MOLPoints,/Shared/Message/5?e=+esetfJGfvFOrfC0FKn6xZUufV33bxFX,0,1
MOL - Money Online | Buy Game Credits with MOLPoints,/Shared/Message/5?e=+esetfJGfvFnk8XQp/NVmSqCyzNfuwZi,0,1
MOL - Money Online | Buy Game Credits with MOLPoints,/Shared/Message/5?e=18fF4+c2Wbvy6JcuuNVjuJxw5HejtFjA,0,1
MOL - Money Online | Buy Game Credits with MOLPoints,/Shared/Message/5?e=2/8c2I1qynCz33v6s5TW2Ah2PQR4ZHFu,0,1
MOL - Money Online | Buy Game Credits with MOLPoints,/Shared/Message/5?e=3VPFxvYgRQzq4YLNCOzMoDPLnImDXN2a,0,1
MOL - Money Online | Buy Game Credits with MOLPoints,/Shared/Message/5?e=3cFXLFxYS1lS5krsJ0AC07I+wtYFurz4,0,1
MOL - Money Online | Buy Game Credits with MOLPoints,/Shared/Message/5?e=6VZ43zCkJXj9IamnNykBLaR1+6wqDE84CLfJlg++4Gc=,1,1
MOL - Money Online | Buy Game Credits with MOLPoints,/Shared/Message/5?e=8MRyt4zU1xkpZZxRoMI193ya6nLlWVP7Tnw+dnQLU6Q=,0,1
MOL - Money Online | Buy Game Credits with MOLPoints,/Shared/Message/5?e=8MRyt4zU1xkpZZxRoMI19w5PKhy0JG4z,0,1
MOL - Money Online | Buy Game Credits with MOLPoints,/Shared/Message/5?e=8Zuq81BLDtS0/I/7pd6OUDeCL4rM0vsHzg+n42kIJD0=,0,1
MOL - Money Online | Buy Game Credits with MOLPoints,/Shared/Message/5?e=9TaUSRSFch7ycTI5afyObCSRMoMjpyRUIhVAjQXDaZk=,1,1
MOL - Money Online | Buy Game Credits with MOLPoints,/Shared/Message/5?e=AZj5cQrEZVHufrne1XkTRFuwLOsY5WYR,0,1
MOL - Money Online | Buy Game Credits with MOLPoints,/Shared/Message/5?e=EJRUj5lHsKGCEznPSLJf7P/zo/7Nivcn4q0j/QPJo+0=,1,1
MOL - Money Online | Buy Game Credits with MOLPoints,/Shared/Message/5?e=F2fmefg1I5TSursUmKm/wPhkzllnsRyI,0,1
MOL - Money Online | Buy Game Credits with MOLPoints,/Shared/Message/5?e=F7zrhci+Hna2jbIWwH5U0heBwdQzaxh2,0,1
MOL - Money Online | Buy Game Credits with MOLPoints,/Shared/Message/5?e=GwNsCTo6pi0vgIAn1I+NjXpLAiBsuFbI,0,1
MOL - Money Online | Buy Game Credits with MOLPoints,/Shared/Message/5?e=HJX/Y9YDfiYCcy4BzobYDtOwCkasakkLQb4QVQciTWg=,1,1
MOL - Money Online | Buy Game Credits with MOLPoints,/Shared/Message/5?e=IQrK9cqhJh6ycFP89qEnZQWkPm25BmGfJ7JGveMSKZk=,1,1
MOL - Money Online | Buy Game Credits with MOLPoints,/Shared/Message/5?e=Kbt64130bV5ehwvyntVv+v8gZyx0GUYTqiUNetzZsNk=,0,1
MOL - Money Online | Buy Game Credits with MOLPoints,/Shared/Message/5?e=LfzvrtWR0tjyt/e1UCAsmwWXn2fpvnqG,1,1
MOL - Money Online | Buy Game Credits with MOLPoints,/Shared/Message/5?e=Q1ocAOkz/UpyYluAdjCMdz4vqFecDZl3,0,1
MOL - Money Online | Buy Game Credits with MOLPoints,/Shared/Message/5?e=S0JdLpluRD3W85YVdutCNbnBhK1EKo0H,0,1
MOL - Money Online | Buy Game Credits with MOLPoints,/Shared/Message/5?e=U9+0J2xugEwNtLTI+B6PUZZ8cuJOdlqL,1,1
MOL - Money Online | Buy Game Credits with MOLPoints,/Shared/Message/5?e=W9UWf67Z5LXBG9qPjGRApVd/cGUHzNCZs23fUH/oA0g=,0,1
MOL - Money Online | Buy Game Credits with MOLPoints,/Shared/Message/5?e=YoY8j2DB7OBLcYlqyPMMHQA4xFbxBBvB,1,1
MOL - Money Online | Buy Game Credits with MOLPoints,/Shared/Message/5?e=aCG0XZg43NtP1WByIqcbfWOyjLspvrH4,1,1
MOL - Money Online | Buy Game Credits with MOLPoints,/Shared/Message/5?e=bFQLsqyHLNxcWwr8DVAjpOK3fldQzWU9,1,1
MOL - Money Online | Buy Game Credits with MOLPoints,/Shared/Message/5?e=dQYz2CTlCycouGiY+jmsjIcDT5ZomuDi,1,1
MOL - Money Online | Buy Game Credits with MOLPoints,/Shared/Message/5?e=iWv6Rk2srxZsiji7Ryumg2I8kcqVT1Yt67V4gpc7wCk=,1,1
MOL - Money Online | Buy Game Credits with MOLPoints,/Shared/Message/5?e=kn21/yEza3JXtV1Mi6LONMfbEI+Gu4gyljHUqukNRPA=,1,1
MOL - Money Online | Buy Game Credits with MOLPoints,/Shared/Message/5?e=l05OlPnpBmtfde8vPau3cccrYDBQY5m6,0,1
MOL - Money Online | Buy Game Credits with MOLPoints,/Shared/Message/5?e=sIe/FZkWkEPxOoldKjDHZykV6swRaJZ2,1,1
MOL - Money Online | Buy Game Credits with MOLPoints,/Shared/Message/5?e=syRcnDBEa4cnlk2o1doeATN4DSsRWtuK,0,1
MOL - Money Online | Buy Game Credits with MOLPoints,/Shared/Message/5?e=tfETjxZMXjQ8hqiWIBIj7x3Y14EWCFEE7oiTP7Keomk=,0,1
MOL - Money Online | Buy Game Credits with MOLPoints,/Shared/Message/5?e=wdvHTD8CMXq3UlBc9zUknWHBtBqZNUqkgSqYcQTjqBLeu0RwbgGzyw==,1,1
MOL - Money Online | Buy Game Credits with MOLPoints,/Shared/Message/5?e=z+8nOTPh/9a8lawT72YwlOG1CL0PrQfu,0,1
MOL - Money Online | Buy Game Credits with MOLPoints,/Shared/Message/5?e=zwQIyshuKdN+WFtgCE4dytxb3F1fxUYH,0,1
MOL - Money Online | Buy Game Credits with MOLPoints,/Transaction?p=6,1,1
MOL - Money Online | Buy Game Credits with MOLPoints,/Transaction?p=7,0,1
MOL - Money Online | Buy Game Credits with MOLPoints,/paymentchannel/faq/43,1,1
MOL - Money Online | Buy Game Credits with MOLPoints,/paymentchannel/faq/60?Account/Register=,1,1
MOL - Money Online | Buy Game Credits with MOLPoints,/paymentchannel/faq/61,0,1
MOL - Money Online | Buy Game Credits with MOLPoints,/sg/promos/MOLPoints-Giveaway.aspx,1,1
MOL - Money Online | Buy Game Credits with MOLPoints,/sg/promos/MOLStore.aspx,1,1
MOL - Money Online | Buy Game Credits with MOLPoints,/sg/showmsg.aspx?v2=Kw7OOm0zShzOARiD14IyN0VVhh/6yZ3jfAHAbSGywQzFCUhf99UgSSintKooU2etwbW0Sj1ra7n/Fva0coqZJQ==&v1=,1,1
MOLPoints - Buy Game Credits with MOLPoints for All Your Online Games,/sg/HowMOLPointsWork.aspx,1,1
Reload MOLPoints - How to Top Up Your MOLPoints,/sg/HowReload.aspx,1,1
